<ServiceRequest>
  <omwObjectName>SRE_1908140001LED</omwObjectName>
  <shortDesc>AddressBook_Update_MailingAddress</shortDesc>
  <appStack>true</appStack>
  <serviceRequestSteps>
    <serviceRequestSteps type="formRequest" appOID="P01012_W01012B" version="LED0001" formMode="R" bypassFormServiceEREvent="true"><formActions>
        <formActions type="input">
          <input>addressNumber</input>
          <mappedTo>1[19]</mappedTo>
          <action>SetQBEValue</action>
        </formActions>
        <formActions type="action">
          <controlID>15</controlID>
          <action>DoAction</action>
        </formActions>
        <formActions type="action">
          <controlID>1.0</controlID>
          <action>SelectRow</action>
        </formActions>
        <formActions type="action">
          <controlID>14</controlID>
          <action>DoAction</action>
        </formActions>
      </formActions>
      <stopOnWarning>false</stopOnWarning>
      <maxPageSize>0</maxPageSize>
      <outputType>GRID_DATA</outputType>
      <queryObjectName>_AllRecords</queryObjectName>
      <allowCache>false</allowCache>
      <forceUpdate>false</forceUpdate>
      <cacheTime>0</cacheTime>
      <turboMode>Low</turboMode>
    </serviceRequestSteps>
    <serviceRequestSteps type="formRequest" appOID="P01012_W01012A" version="LED0001" formMode="U" bypassFormServiceEREvent="true"><formActions>
        <formActions type="input">
          <input>addressLine1</input>
          <mappedTo>40</mappedTo>
          <action>SetControlValue</action>
        </formActions>
        <formActions type="input">
          <input>addressLine2</input>
          <mappedTo>42</mappedTo>
          <action>SetControlValue</action>
        </formActions>
        <formActions type="input">
          <input>city</input>
          <mappedTo>52</mappedTo>
          <action>SetControlValue</action>
        </formActions>
        <formActions type="input">
          <input>country</input>
          <mappedTo>56</mappedTo>
          <action>SetControlValue</action>
        </formActions>
        <formActions type="input">
          <input>postalCode</input>
          <mappedTo>50</mappedTo>
          <action>SetControlValue</action>
        </formActions>
        <formActions type="input">
          <input>province</input>
          <mappedTo>54</mappedTo>
          <action>SetControlValue</action>
        </formActions>
        <formActions type="input">
          <input>effectiveDate</input>
          <mappedTo>162</mappedTo>
          <action>SetControlValue</action>
        </formActions>
        <formActions type="action">
          <controlID>11</controlID>
          <action>DoAction</action>
        </formActions>
      </formActions>
      <stopOnWarning>false</stopOnWarning>
      <maxPageSize>0</maxPageSize>
      <outputType>GRID_DATA</outputType>
      <queryObjectName>_AllRecords</queryObjectName>
      <allowCache>false</allowCache>
      <forceUpdate>false</forceUpdate>
      <cacheTime>0</cacheTime>
      <turboMode>Low</turboMode>
    </serviceRequestSteps>
  </serviceRequestSteps>
  <productCode>55</productCode>
  <bypassER>false</bypassER>
</ServiceRequest>