<Orchestration>
  <shortDesc>InFocus_Update_AddressBook_MailingAddress</shortDesc>
  <inputFormat>Generic</inputFormat>
  <version>v2</version>
  <inputTypes>
    <inputTypes type="String">
      <name>addressNumber</name>
    </inputTypes>
    <inputTypes type="String">
      <name>addressLine1</name>
    </inputTypes>
    <inputTypes type="String">
      <name>addressLine2</name>
    </inputTypes>
    <inputTypes type="String">
      <name>city</name>
    </inputTypes>
    <inputTypes type="String">
      <name>country</name>
    </inputTypes>
    <inputTypes type="String">
      <name>postalCode</name>
    </inputTypes>
    <inputTypes type="String">
      <name>province</name>
    </inputTypes>
    <inputTypes type="Date" dateFormat="MM/dd/yyyy">
      <name>effectiveDate</name>
    </inputTypes>
  </inputTypes>
  <productCode>55</productCode>
  <orchestrationSteps>
    <orchestrationSteps type="ServiceRequest" omwObjectName="SRE_1908140001LED">
      <name>AddressBook_Update_MailingAddress</name>
      <outputMappings/>
      <transformations>
        <transformations input="addressNumber" output="addressNumber"/>
        <transformations input="addressLine1" output="addressLine1"/>
        <transformations input="addressLine2" output="addressLine2"/>
        <transformations input="city" output="city"/>
        <transformations input="country" output="country"/>
        <transformations input="postalCode" output="postalCode"/>
        <transformations input="province" output="province"/>
        <transformations input="effectiveDate" output="effectiveDate"/>
      </transformations>
    </orchestrationSteps>
  </orchestrationSteps>
</Orchestration>